{
  "name": "ai-sdk-preview-internal-knowledge-base",
  "version": "0.1.0",
  "private": true,
  "scripts": {
    "dev": "next dev",
    "build": "tsx migrate.ts && next build",
    "start": "next start",
    "lint": "next lint"
  },
  "dependencies": {
    "@ai-sdk/google": "^0.0.51",
    "@ai-sdk/openai": "^1.1.5",
    "@langchain/textsplitters": "^0.0.3",
    "@uidotdev/usehooks": "^2.4.1",
    "@vercel/blob": "^0.24.0",
    "@vercel/kv": "^2.0.0",
    "ai": "^3.4.9",
    "bcrypt-ts": "^5.0.2",
    "classnames": "^2.5.1",
    "d3-scale": "^4.0.2",
    "date-fns": "^3.6.0",
    "dotenv": "^16.4.5",
    "drizzle-kit": "^0.24.2",
    "drizzle-orm": "^0.33.0",
    "framer-motion": "^11.3.19",
    "next": "15.1.6",
    "next-auth": "^5.0.0-beta.25",
    "pdf-parse": "^1.1.1",
    "postgres": "^3.4.4",
    "react": "^18.3.1",
    "react-dom": "^18.3.1",
    "react-markdown": "^9.0.1",
    "remark-gfm": "^4.0.0",
    "sonner": "^1.5.0",
    "swr": "^2.2.5",
    "use-local-storage": "^3.0.0",
    "usehooks-ts": "^3.0.2",
    "zod": "^3.23.8"
  },
  "devDependencies": {
    "@types/d3-scale": "^4.0.8",
    "@types/node": "^20",
    "@types/pdf-parse": "^1.1.4",
    "@types/react": "^18",
    "@types/react-dom": "^18",
    "eslint": "^8",
    "eslint-config-next": "14.2.5",
    "postcss": "^8",
    "tailwindcss": "^3.4.1",
    "tsx": "^4.15.7",
    "typescript": "^5"
  }
}
